model_name;classifier;f1;accuracy;recall;precision;classification;confusion;time_processing
Word;SVM;67.31;67.26;67.26;67.7;"              precision    recall  f1-score   support

          -1       0.55      0.63      0.59        95
           0       0.49      0.48      0.49        95
           1       0.71      0.61      0.66        95

    accuracy                           0.58       285
   macro avg       0.58      0.58      0.58       285
weighted avg       0.58      0.58      0.58       285
";"[[60 35 14]
 [25 46 23]
 [10 14 58]]";0 hour:2 min:53 sec
Word;RandomForest;88.09;87.93;87.99;88.68;"              precision    recall  f1-score   support

          -1       0.40      0.91      0.56        95
           0       0.75      0.06      0.12        95
           1       0.67      0.44      0.53        95

    accuracy                           0.47       285
   macro avg       0.61      0.47      0.40       285
weighted avg       0.61      0.47      0.40       285
";"[[86 76 52]
 [ 1  6  1]
 [ 8 13 42]]";0 hour:2 min:49 sec
Word;LogisticRegression;68.65;68.72;68.72;68.85;"              precision    recall  f1-score   support

          -1       0.55      0.67      0.60        95
           0       0.49      0.46      0.48        95
           1       0.67      0.56      0.61        95

    accuracy                           0.56       285
   macro avg       0.57      0.56      0.56       285
weighted avg       0.57      0.56      0.56       285
";"[[64 34 19]
 [22 44 23]
 [ 9 17 53]]";0 hour:0 min:33 sec
