token;freq
el;6781
ɡɾu;119
po;1741
es;4167
ta;5166
tal;397
e;12735
lekt;37
ɾi;3543
site;2
de;15403
fɾan;111
se;5922
fpa;822
edf;5
fpt;821
a;14941
nun;209
sio;160
oi;395
xu;564
bes;343
la;9443
komp;221
ɾa;6253
del;2555
poɾ;2743
sien;262
to;4512
emp;271
ɾe;5032
sa;3029
me;1940
ksi;144
ka;3994
na;4189
si;8560
dad;1113
aɡi;3
al;2827
mi;2401
aa;3
kɾe;168
da;3266
xa;448
pones;17
mit;9
su;2152
bis;164
ʝ;264
koɾ;318
ti;3730
on;352
pa;3474
neɾ;199
en;7291
maɾk;45
u;2413
sent;146
ɾal;401
ɡas;142
ɡa;1335
ba;2637
os;919
bos;291
eks;639
pliko;45
fe;571
k;7047
pɾoi;60
ek;210
konst;39
ɾuk;68
sion;2308
noɾ;159
te;5088
tam;329
pi;734
ko;3545
pɾebe;13
li;2337
tu;1362
mo;2174
kom;437
bus;67
tib;10
le;2249
pɾin;106
pal;95
sik;72
lo;2316
bi;2702
do;5888
be;1111
em;288
pe;2197
saɾ;484
fun;138
o;6067
naɾ;250
mai;294
pɾo;1000
du;642
saɾa;37
ɾed;23
elekt;34
publi;83
meksi;37
biɾ;133
tud;63
un;1927
ku;2015
eɾ;1355
ben;429
neɾɡ;23
ja;1416
kon;3301
sjon;566
kfe;3
ɲos;405
no;3326
ki;891
so;2183
laɾ;327
kwan;9
paɡo;3
paɾ;821
in;1665
teɾ;776
bendɾa;3
sis;343
ten;759
i;5698
pos;177
oɾ;621
men;1586
kaɾ;548
ɡaɾa;19
plo;105
taɾ;673
ak;489
nis;195
ɾon;765
sen;819
as;1017
ɾwiɾ;13
les;1302
kas;424
dos;1631
ɾjo;94
bɾa;209
bo;1288
sal;142
til;76
paɲ;62
tukspan;1
ne;1376
tje;260
pɾe;1132
beɾ;930
tiɾ;171
mil;263
nes;1532
eu;225
ɾos;717
dola;95
ɾes;1541
pɾi;437
naɾa;21
kui;74
kal;209
mala;13
lis;273
pp;60
konɡ;60
bin;59
bil;153
djo;174
los;3612
tan;892
tes;895
foɾ;467
ma;2413
pan;66
ad;217
nist;192
ɾaɾ;355
bik;86
bank;14
sul;149
an;1618
pu;1159
tel;45
ɡw;1070
ɲa;516
xi;518
nok;70
lek;291
di;2925
las;2251
ɡɾa;224
muk;206
nen;204
feso;5
bjen;428
sus;592
kin;83
tas;738
xe;985
tɾans;118
tjo;102
ab;453
ɲo;524
xose;94
maɾ;421
fi;1180
njo;8
omb;130
ʝe;316
baɾ;515
xen;336
lu;621
seɾ;1003
das;689
peɾ;737
nas;552
mos;643
def;9
ɾau;5
daɾ;204
ɡwɾo;71
sub;110
ɾaio;25
ɡiɾa;5
ɡo;1242
nan;151
des;1330
dja;133
sin;512
pɾob;82
mas;1069
ɡi;165
sjen;42
mis;293
tako;48
fin;83
siɾ;220
kunsk;4
ɾip;8
au;308
tono;12
ako;3
ent;601
ot;494
fak;45
tɾa;387
xo;709
dan;103
xem;62
pek;166
ɲalo;61
mu;552
est;301
luk;76
pso;55
ses;588
nume;70
ɾo;3166
nu;634
ɾan;543
im;344
eis;8
ble;260
fiko;14
ʝsto;23
kos;502
tɾip;9
lus;48
of;55
stet;2
nal;538
net;31
lands;2
ni;2129
et;18
njon;137
ɾen;508
kont;440
ɾol;144
komun;29
sas;375
kab;36
ɾaɡon;5
lel;2
meɾ;344
xes;92
tjon;40
ol;71
dinɡ;5
pɾes;32
ɲol;71
soɾ;79
dus;68
tɾi;169
son;362
is;96
tɾas;188
ksa;28
man;366
podɾ;65
dent;51
kam;313
ap;201
ɾeɡ;49
sob;395
ɾas;700
ob;265
pla;174
djes;46
djas;117
sil;166
kaɾa;21
bjeɾ;28
aust;25
nos;900
inko;3
ʝeɾ;12
ans;1
sta;11
um;3
bɾis;2
toɾ;397
taɾa;69
bek;34
aɾ;893
teo;16
dot;5
ɡws;51
dap;13
pitan;8
xon;24
new;3
podɾa;20
pʝ;8
lip;15
pous;6
ʝei;6
ton;171
witt;3
pleto;1
pat;64
ɾikk;7
ɾaf;8
bje;107
den;827
bost͡ʃ;1
wimb;2
don;189
ɡɾan;241
bu;348
feɾ;117
enf;64
aus;41
sje;37
dob;31
san;254
stol;4
wood;5
seɾa;95
xai;15
sins;1
fu;796
xoɾ;188
mjent;128
diɾa;14
deɾ;339
tjeɾ;51
dis;392
taɾan;31
tɾes;146
mun;212
bɾe;123
tim;5
ɡɾeɡ;1
ɾu;290
seds;1
xobe;21
bind;1
wan;13
ɡiɾ;76
tem;121
fɾen;80
doɾ;386
kolas;6
pent;1
sim;9
us;24
kistan;1
lan;281
kent;1
ɡil;9
leɾ;73
at;214
plus;4
kis;21
esta;250
dal;48
ɡos;169
sid;35
nei;44
pen;204
mui;201
aaf;5
tomo;29
ban;534
tos;1096
aun;249
ulti;191
ai;486
mento;33
solo;181
pis;55
mon;91
tau;7
met;77
ɡwn;204
bjo;97
obs;33
olim;48
seɡwn;205
pwes;166
mjeɾ;37
fiɾmo;73
pɾopo;11
loɾ;93
toi;16
bɾon;12
sep;145
kanso;8
mad;192
ɾid;139
suf;57
esk;61
ins;110
mok;43
fɾe;64
ɡlo;39
bal;140
ju;15
ɾep;127
tad;77
xil;22
xion;36
pjo;7
ɡaɾk;29
eksi;31
kɾi;99
demas;146
lido;2
tuɾon;4
suɾ;83
kompu;6
loɡɾo;22
lab;4
ɡanes;4
ɡano;11
koɾkon;1
mosto;1
pin;39
aɾe;17
w;275
feu;5
loɡ;117
amp;58
jas;106
asi;134
bas;350
tjan;10
ɾei;160
eb;66
boto;3
ʝeɡo;37
konk;77
nauf;10
nuk;19
kuɾsk;10
fero;1
pɾu;57
ekst;112
soɾp;28
kau;61
wn;14
aɾti;9
baɾents;2
ʝpo;6
lja;1
kleba;4
nob;25
katast;5
ʝs;80
ɾeu;81
seɲo;3
pɾen;75
bles;60
mal;82
pak;39
ii;10
nin;53
ɾosi;1
kaɾto;4
ɾoɾ;14
bot;3
fɾaɡ;4
ɡaɾ;244
boko;17
ɾet;46
sek;165
tis;111
mosku;14
pɾok;10
lamo;5
bɾita;29
t͡ʃoko;1
lond;10
was;17
ʝnɡ;18
ɾek;385
dek;123
sismoɡ;2
fos;27
boɾ;86
xoi;1
xist;50
dest;39
sos;410
pɾoksi;133
kada;10
line;26
tjem;148
fɾa;39
festo;19
laɾo;33
bwi;8
bladi;5
miɾ;26
ɾoie;3
tɾe;20
ink;176
jan;217
twi;21
neɡ;34
bui;17
t͡ʃek;10
pon;165
sab;60
sjemp;110
xib;5
bɾas;19
ɡmt;19
eeuu;46
foɾmo;38
tek;69
bide;6
pole;13
xos;137
most;47
jes;20
xaɾ;91
mjemb;51
tekni;61
ɡɾafi;3
sienti;32
mik;51
mstis;1
kel;9
diʃ;1
fo;121
fiɾ;140
buɾ;49
kɾeen;12
mostɾo;34
boɡo;6
blas;7
fa;294
xun;138
ok;79
kumb;34
nama;29
susk;13
fes;39
pai;126
poi;71
koo;39
konf;37
lik;63
duk;296
tɾafi;17
deu;13
obsta;5
aɡ;125
poli;225
kono;86
kan;446
lom;69
t͡ʃi;115
dip;22
loma;17
deka;13
pɾeso;16
kuɾ;146
pɾoɡ;102
nolo;14
basi;19
dul;19
menso;22
fon;99
indi;17
teks;32
salto;12
pul;52
ɡatt;1
ib;1
sun;73
ɡ;5
nib;14
ame;40
posto;2
lib;104
luio;14
blo;17
b;15
lok;4
ekspli;2
dou;69
kast;24
deɾo;27
dep;22
sai;21
kum;18
mokɾa;25
plu;23
kul;177
puɡno;1
ɡɾal;1
nwiɾ;3
klu;19
pob;62
ɾup;20
ɾis;120
kotɾa;11
lin;34
bii;2
eti;7
deno;7
lei;100
elms;1
xis;47
pais;195
ɾai;65
niɾ;26
sak;29
ɡal;70
niso;8
xus;85
kus;36
ɾjes;20
sito;19
peɾu;34
pas;133
fɾon;25
poio;3
kaɾak;27
dina;3
mul;41
iks;2
kɾeo;2
siɡno;1
soi;18
nom;48
lwi;32
eneɾ;2
inf;43
ɾin;24
xan;50
ɾobo;10
bɾi;24
teɾo;19
pli;68
pel;56
dop;33
lud;17
am;157
saba;32
xip;23
pub;31
ɾam;7
semb;3
tɾo;29
leman;21
win;7
ɾom;18
mel;8
kub;9
ɾiɾ;54
inɡ;43
mein;3
kob;33
kalku;10
ksis;107
uni;87
ekta;7
estan;90
lim;29
kilo;33
penin;3
nai;15
kai;72
imp;49
wa;35
pɾoʝ;4
sudan;1
lum;28
puɾ;8
sja;6
punto;12
nip;1
tɾan;35
sat͡ɬan;1
xapon;13
ɡan;156
maɾi;6
ɾaɾa;21
testo;10
ae;25
flo;56
pes;60
at͡ɬan;7
dexo;20
xeɾ;131
limi;18
aɾk;5
pje;31
kap;20
mite;32
ɾodɾi;9
ʝa;85
nje;23
subdi;1
espi;13
ken;21
neo;1
demok;42
nostal;3
laɡɾi;10
pad;29
sot;52
bito;9
lau;19
ɡɾi;28
stap;3
bol;100
diko;58
diɾ;83
beɾt;30
kɾeeɾ;9
xio;33
toɾk;2
biʝ;14
klin;34
simbo;15
klan;3
ed;14
waɾd;7
kuk;12
ablo;6
ted;22
atɾas;18
setts;2
ɡio;28
lanso;3
kɾiti;28
bli;21
sui;17
bɾad;3
lut͡ʃo;3
xaɾa;14
sei;16
buɾlo;1
buʃ;26
pɾakti;48
lje;4
xud;4
jo;44
nek;15
kut;14
fen;134
xakk;6
papa;3
bebe;3
siu;141
bom;40
ɾak;71
at͡ɬe;27
xime;6
kump;67
ljo;11
xamas;10
deɾon;6
aɾdo;2
len;176
fal;118
klasi;12
tɾjun;53
talan;24
sup;30
nou;6
kamp;6
puto;5
dwode;4
seis;53
tɾai;17
paɲo;4
blan;84
ɲe;52
ɾaul;10
ɾeo;1
feb;15
somb;15
ati;3
leɡɾ;6
klub;26
boi;15
futbol;45
sof;17
pjen;20
bwiɾ;7
iɾ;61
sipo;5
toɡɾa;2
lwis;43
fk;9
sieɾ;88
dje;41
pab;20
ʝebo;16
fik;15
beʝi;2
xel;28
maɾin;2
bel;75
liso;29
fis;49
kaɾsel;8
xwi;33
desb;1
xesus;12
ɾeto;5
medi;16
let;29
ped;17
ɡonsa;37
ɾamon;11
ens;3
ano;5
ɾesto;3
bad;1
ɡɾos;5
moɾ;74
sjeɾ;8
ɾiɡ;2
mob;7
ɾeɡo;42
xuɾi;9
ɡwnto;4
pod;32
xeɾaɾ;1
mes;88
keɾ;10
fekt;2
we;4
fek;203
naɾja;1
ɾant;11
seɾan;21
nomb;66
kuso;15
dum;10
pun;136
palm;3
at͡ʃ;3
see;15
baɾba;11
miks;8
plan;100
kkoo;12
ɡoɾ;50
uɡt;12
loɾo;5
seɡ;11
tendɾa;31
ono;12
bon;5
kisas;8
ɾil;85
kljen;19
aɾan;12
sar;3
ke;133
pliɾ;2
less;2
kulto;3
auto;14
pondɾa;8
este;48
desk;8
nukle;7
enk;3
kons;105
ɡɾaɾa;2
simp;35
oɾɡa;42
lefo;39
ksjon;14
kmt;2
bask;7
pɾon;17
daɾan;10
sib;45
pɾos;14
seim;2
xand;14
kou;4
sit;16
pib;5
ɾules;4
siɡ;114
ksksi;4
ɲan;13
fjes;28
d;12
ʝn;8
tjen;24
maksi;38
bɾaɾa;9
kandi;6
mendes;5
teɾes;29
fɾu;15
din;35
dik;76
int;31
meɾk;3
ɾepub;20
t͡ʃe;22
ɾeest;4
bat;18
min;112
kɾedi;23
tiɾa;27
eskan;8
dunɡ;1
peɾdi;22
kol;26
leɾt;1
mest;9
eɾs;6
basnk;1
ksob;1
kbk;1
ipb;1
njum;5
swi;35
alɡ;8
up;8
elbe;2
biɾan;4
aɾa;43
pondɾan;3
bs;3
ɡɾoup;2
tɾabes;45
xak;4
bou;1
lideɾ;43
kosme;3
faɾ;14
mak;61
kafe;47
tadis;9
kɾaft;2
foods;4
xistɾo;8
ɾaɾan;8
dame;3
ksii;3
xene;14
busk;12
kuns;10
ɡɾo;48
ple;78
ɡwɾ;2
pani;3
ambi;11
laso;3
lon;56
bkɾ;3
lektɾo;22
kɾai;4
tju;1
tele;8
tiso;4
bikti;24
best;2
nistɾo;1
fɾau;12
ɾub;4
dolaɾ;16
tɾoi;9
tat;8
xol;14
kɾee;20
uɾ;45
mek;5
akt;7
leɾi;1
axil;2
ɾapi;22
klos;10
nut;4
insto;2
liɾ;46
nimo;4
ɲas;45
tin;98
odis;4
soft;10
dows;3
mino;18
pino;10
foɾma;11
waɾ;2
fab;37
fle;5
op;34
laɾa;6
bun;18
beks;2
pjeɾ;21
bɾu;36
loxi;13
estas;6
dist;18
omk;13
laɡ;1
üe;5
defi;4
ɾekoɾd;9
sento;23
sem;60
beɾan;15
dem;8
kfdt;2
kɾis;52
kftk;2
kɡk;2
kɡt;4
enɡ;5
ɾesip;6
ɾexi;14
ɾein;7
mobil;4
umts;3
buk;10
apd;1
mobi;2
bja;25
maɾan;5
neɾxe;7
petɾo;14
xako;2
bɾin;4
t͡ʃabes;25
koɾdo;41
ɾoʝo;10
ɾeun;8
omo;3
oɾk;15
biɾa;8
pep;11
ʝd;7
kɾu;39
daɾa;14
deɾa;12
maɾa;4
aiti;4
madan;2
bul;27
ɾaɡ;3
amman;3
kama;32
abs;4
wait;2
baɡ;1
ɾauf;1
wab;1
aso;8
aɾnd;1
st͡ʃmitt;2
bɾil;21
bixe;2
ɾento;1
wnɡa;1
baks;1
seul;2
peon;34
ɾais;9
kla;163
edo;13
tɾil;6
mendo;4
sed;8
fɾak;6
lifo;1
bnɡ;1
t͡ʃa;28
eɾk;7
kil;20
teɾmi;17
lanto;3
ani;12
ɾod;13
sla;2
bid;21
iɡ;15
nada;13
ɡwi;6
bjas;9
it;1
kop;3
moɾan;3
sie;42
beɾa;22
kase;4
ɾens;1
fit;6
ɾjon;8
niti;2
ɾef;31
siso;14
ɡaɾson;3
seso;1
taɾe;4
saɾe;1
saudi;5
meni;1
ɾim;1
kooɾ;18
saud;1
muɾ;16
ɾjos;8
noɡɾa;4
molto;1
pse;8
dole;2
kjen;13
tiko;11
maɡ;16
aute;3
kaɾde;14
ɾwa;4
tab;40
ɾik;23
lasa;1
pɾd;9
ult;12
mtp;2
amb;15
mjo;9
ɾedo;1
nem;8
tɾato;3
kaɾbon;6
sw;1
ɾonɡ;1
tendɾan;11
klau;12
mini;24
onɡ;5
ɡou;3
koin;32
xiu;3
lot;15
af;30
f;2
kwi;31
fɾanses;21
kouɾs;2
klwi;2
kwit;1
ank;3
ʝan;3
maɡn;1
ɡes;7
ɡai;3
esp;5
ɾwi;24
ɾoli;3
lem;9
aiɾ;8
xas;60
ɾab;29
st͡ʃiff;1
xiɾ;33
fan;25
poɾto;3
oɾi;3
tom;4
lee;4
leito;1
bɾo;24
ɾason;48
and;13
lexo;1
bene;2
auten;20
kapi;8
ous;3
kli;7
dɾeks;1
t͡ʃaɾ;9
baɾk;2
foun;2
fasil;28
titu;37
ɡɾand;9
slam;8
ksist;5
land;9
ɡol;79
sufɾ;2
kanseɾ;2
fekto;2
peɾs;11
fisi;37
ɡane;2
koi;12
pekin;16
paɾis;22
tuɾ;47
obk;2
ɾeuɾ;1
neuɾal;1
mais;16
saɾan;5
salso;1
xok;1
soli;6
mat;9
kɾus;7
woɾld;3
uk;5
t͡ʃild;1
aʝ;29
saf;4
jos;5
dok;17
diɾan;7
andɾes;14
past;2
fii;8
speiɡt;11
tɾein;3
fiii;10
sol;102
fɾank;8
ɾjen;8
dɾa;14
t͡ʃaud;4
eli;12
wd;3
beɾlin;7
bjon;7
ɾiso;3
exeɾ;17
liba;3
beɾso;1
fat;5
pjed;12
det;11
tsx;2
multip;6
bɾaɾ;12
septo;2
daɡo;1
entɾo;10
kwal;22
kln;1
pet;18
modin;1
pau;21
kne;8
kaus;13
ʝu;15
ido;5
xau;13
wɾ;23
neɡo;10
plai;16
insk;9
padɾon;1
foks;9
bjet;18
nɡwi;1
wu;2
donɡ;1
difi;40
fɾi;23
ksos;1
lebɾo;1
ʝo;7
dil;27
post;7
petaɾ;1
mlade;5
bulɡa;6
beso;6
kabo;15
iib;3
foɾso;3
ɾest;8
ɾoi;11
xail;1
bak;33
meto;11
sds;2
bsp;1
kaɾd;2
lju;1
ie;1
leb;1
sanɡ;25
kii;3
pasi;6
miɡ;11
axo;3
doi;4
bei;12
eus;3
pnb;34
piɾon;1
lofon;3
kse;35
anek;5
ais;19
lun;20
aiʝon;4
ɾiɾa;9
alba;2
ɾans;2
mank;7
nau;27
maɾti;8
ɡat;3
mokɾati;3
xino;2
lide;13
lank;3
bɾan;6
disk;14
esten;5
buɾɡ;2
abɾa;18
loxis;5
tɾansi;6
sten;1
damm;1
nel;20
komo;49
aɾd;15
st͡ʃɾo;4
mut;1
kisɡɾan;1
peis;1
donde;12
bild;1
kɡo;6
luxan;1
ɡmd;1
kbpo;1
bɾet͡ʃt;1
ɾoɡ;2
buɾsa;8
lai;11
ixm;1
ɾiɾan;3
ɡko;1
eɾnan;5
ɡomes;9
xaɾan;5
fut;16
bolis;5
kank;10
leks;5
aʝa;12
beɾɡ;22
üen;7
kɾei;7
ɡwstin;2
xwa;3
beɾo;4
ɡaɾan;1
xala;2
iban;3
xim;11
blandon;1
ɾeɡon;3
nomi;1
obi;1
klebeɾ;1
t͡ʃala;1
ɡɾas;1
ɡwl;8
ams;8
dam;11
sero;9
sentɾo;3
ɲaɾ;12
lexiti;1
tera;4
pjes;7
sedu;8
xse;6
estos;8
ɾel;23
feɾnan;17
podɾan;8
tun;13
pɾsk;2
pld;8
tɾu;4
dɾo;31
temp;12
ekso;2
tɾis;10
mex;2
peta;2
kd;4
nil;28
ud;4
tendɾ;12
liɾa;4
djen;15
tk;4
mjen;23
ɾois;2
psk;7
pond;4
maso;1
fɾja;5
ɾame;2
lwiɾa;4
tosi;2
suk;7
fɾjo;11
teɾmo;1
sentiɡ;1
baxo;10
maron;1
ment;5
opto;2
siendo;1
ul;6
tima;2
tum;13
miti;4
ɡandis;1
fla;12
twiɾ;3
wen;3
wilf;1
pjel;22
kso;10
bbba;7
ɾate;11
pulso;6
pɾis;2
epo;17
ɲoɾ;28
kontɾa;1
dab;43
monk;4
ɾeen;2
alɡwn;34
bein;23
ɾolim;3
ɾob;11
meɾi;17
fm;1
tsxeks;2
inteɡ;3
kbm;1
l;3
kun;16
stan;11
t͡ʃuɾ;3
ɡis;2
afin;1
inti;6
udo;1
belo;5
bisto;2
abɾ;32
koto;1
ones;2
ɾoto;6
monto;4
pote;1
saldɾa;6
leon;9
biso;2
ninɡwn;32
ponta;5
stxe;1
tudx;9
kɾo;26
ksak;10
nik;14
ds;3
sti;1
kseno;2
kali;2
sls;4
fɾuto;1
teɾis;12
sulto;11
sdp;3
ss;2
ns;2
ls;1
sam;21
ist;2
ids;1
aʃ;4
peso;7
kupo;7
multane;6
ɾok;14
baba;7
mund;4
stoi;12
bendɾ;1
aɡɾi;4
munit͡ʃ;3
tulo;1
ɡwnteɾ;1
alk;6
süddeutsk;1
tunɡ;1
stpi;1
ɡɾe;13
konomi;2
wnɡɾ;2
ɾokɾa;2
lui;9
iɾan;8
ks;12
toma;1
enb;6
bolu;3
paxi;18
web;7
ɾsb;1
fluk;3
pʝl;8
lips;7
kwo;5
ksem;7
bouɾɡ;6
s;11
poɾa;2
lou;7
bwit;3
lbm;1
ɾit͡ʃ;4
tiɡ;8
t͡ʃɾis;15
kaɾja;1
nusk;1
mitk;1
eʝ;2
naʃ;1
piɾ;6
toksi;3
alf;3
sast;3
kolo;18
som;4
lap;7
lb;1
bab;6
sif;27
biʝon;1
kɾois;6
bmb;1
bali;2
inst;16
maɾxe;1
foɾmu;15
wta;1
ɾsa;1
sbk;1
ɡaɡ;2
aɾɡ;9
nooɾ;1
xid;1
ɾus;41
swa;8
musi;8
tipi;3
fɾankfoɾt;2
st͡ʃu;2
kankun;1
kulo;4
peɾa;1
bai;31
ɡt͡s;1
tuɾis;6
flu;4
ʝeno;1
emb;24
itb;1
sel;25
miʝon;6
meɾmo;1
senti;3
leɾto;2
mito;5
ɾeeks;1
ɡɾeen;6
pɾoro;3
pulo;1
duko;1
teoɾi;2
ɡɾaɾ;4
pɾibo;2
ɾuɲes;2
kaio;6
tɾixe;3
tik;18
et͡ʃo;3
ɡaal;3
t͡ʃel;1
ɡones;1
maɾko;6
buto;2
ɡais;3
sant͡ʃes;10
buio;9
unde;2
leo;4
kle;9
detɾas;10
ɾasa;1
baink;3
faʝo;3
septi;14
ɡwus;1
dink;1
landes;8
sinɡ;4
duɾo;5
lid;3
labes;2
nam;14
dak;5
ɾikan;1
ɾee;14
mol;6
akp;3
ɡam;9
klini;1
ɡɾwa;1
titan;1
kwa;7
seani;1
eɡ;3
kaɾan;3
nulo;3
ʝb;2
ɾul;3
bɾaɾan;3
baɾan;4
tus;20
neut;9
paɾa;13
danes;1
feɾen;3
miɾa;1
teɾan;1
sate;2
ʝl;5
tɾje;2
pɾesta;4
baɾa;9
dikta;3
ɾwis;9
ljan;3
matɾi;3
kok;21
tend;12
fuɾɡon;1
kosto;4
alfe;1
tomas;1
ita;1
pil;14
dudo;1
akb;3
pondɾ;4
balon;18
blauɡ;5
ɾent;4
als;2
eft;1
ɡoɾi;2
sɾa;1
kɾa;1
taɡ;2
xost͡ʃ;1
fisk;5
ksu;10
kdu;1
fpo;6
eɾɡ;2
diɡ;23
je;2
kalko;6
plaɾ;6
kur;4
klaus;1
mje;18
ɾib;4
not;4
tak;17
lexi;7
ɡaʝ;7
stokk;4
ons;5
erone;2
dɾe;7
faine;4
naɾsis;1
pɾee;1
polis;1
teʝs;4
paɾt;9
ʝwis;2
sat;2
atk;1
ɲis;4
nwis;1
puss;1
ksib;2
neu;7
panf;1
saens;2
fjeb;6
beʝ;21
bow;1
smit;3
klew;1
low;1
siks;2
stott;1
walʃ;2
wɾiɡt;1
maɾs;2
step;2
bit;11
nee;1
spi;2
ɡbɾ;1
kei;7
sumo;2
koɾneɾ;1
tani;1
ɾum;15
kalo;1
t͡ʃo;16
ɾeɾ;29
polon;2
ʃis;1
panɡ;1
dust;2
toɡɾafi;5
tɾot;1
oɾs;7
beɾmu;1
wal;5
dol;3
teʝan;2
st͡ʃe;6
ɾoman;8
aɾbit;15
maɾtin;6
ʝnk;8
peɾkla;1
sinte;9
basto;4
eɲo;1
noto;4
bet͡ʃo;2
mando;3
kuto;1
estɾ;2
beɾti;2
ɲi;12
kalmo;1
ɾaso;3
ɾuio;4
bla;9
kɾam;8
seks;7
oɡ;4
baku;1
;2
timi;2
siɾa;14
salon;2
pɾak;18
ɡolf;2
patin;1
deɾan;4
sk;4
oɡɾa;4
fas;11
twan;1
stutt;4
ɡaɾt;4
bet;8
st͡ʃutt;2
set;32
aas;1
ɡaston;2
ɡau;2
nus;6
bxo;1
eɾn;1
skil;1
seʝ;2
bukks;5
wau;2
kee;4
kets;3
pibot;11
ɡlenn;1
xik;2
ste;4
kbs;1
abk;2
knn;1
lino;1
tento;10
kaɾɡo;3
ksas;8
lup;1
wins;1
pesi;7
takti;9
afan;3
buli;1
been;1
ʝpeɾ;1
meɾs;1
dɾesd;1
depoɾ;1
eint;1
ɾat͡ʃt;1
bispe;4
eldeɾ;1
ska;1
mau;10
sesaɾ;4
dusk;1
biktoɾ;3
leɾon;1
tɾistan;1
dxal;2
ɾunes;1
lema;4
tanti;4
bmw;11
ʝm;2
foɾd;29
mɡ;1
neɾs;2
tɾaɾ;2
kulpo;1
neɾo;2
laio;1
banso;3
ɾoʝs;1
oks;1
bilis;1
beni;1
moises;6
pok;3
tensi;1
klamo;2
pleɡo;1
saut;1
suɾo;4
nwi;11
ɡaul;2
nuso;1
tildo;1
feno;10
timon;2
lain;2
xuppe;1
lsi;1
fend;2
djest;1
ɲeɾ;2
kole;1
tol;3
belxi;7
dɾal;5
ɡwdu;1
ksb;5
kato;5
flan;5
pɾinsi;5
pɾospe;3
tɾjan;1
esplen;6
babon;2
ninkk;1
luis;1
eikk;1
misti;3
ɡoti;1
bens;4
toison;1
tiks;2
desoɾ;1
ei;15
mann;8
balt;2
fbi;6
nexo;2
ɾank;5
kot;2
ose;1
duɾja;2
siɾku;8
liko;3
pɡɾ;1
noi;3
penta;5
anɡ;4
wai;3
adn;2
ɾeʝo;4
aʝi;39
eɾo;9
ampl;2
oikbm;1
depo;8
koun;1
fol;3
asp;5
bee;3
tinɡ;6
baan;1
tems;1
noɾdi;1
balti;1
souɾ;1
kpn;1
swiss;1
paso;13
tuɾo;2
t͡ʃal;3
ʃa;7
deit͡ʃ;6
kubɾ;1
tuk;2
folk;1
paɾan;2
ɲaɾa;2
dup;10
fje;1
dokt;4
pekt;6
ʃel;1
bendɾan;2
oo;3
ɡans;2
inɡles;12
dai;9
ʃe;5
ɡɾap;1
fam;2
taɾd;2
ɡiɾan;3
top;4
ksaɾ;1
midon;7
ɾoin;3
paɾti;5
saɡw;1
tai;8
pol;17
lakte;2
taluɾ;2
sust;2
msnbk;2
bɾjo;3
kontɾo;5
menta;2
fabɾi;12
asu;3
kompɾo;2
leban;2
peɾto;2
ana;10
disa;1
ɾadoxi;3
liɡo;2
ʝi;2
puxil;2
una;5
dams;2
spo;1
kb;2
bex;1
knb;2
waʝ;1
stɾeet;3
bst͡ʃ;2
ɾinɡs;1
kans;1
bɾindo;1
mont;3
deutsk;2
liki;4
nab;9
bau;12
tiɾan;5
naɾd;13
kaɾt;3
ɾoit;6
maks;6
paul;5
ppi;1
toɾs;3
poɾt;7
ksand;1
neuma;2
ɾun;2
ʝt;2
bed;1
belen;8
lopes;16
xuɡo;3
salbo;1
baldɾ;1
kantab;4
xixon;1
beʝon;2
siɾan;1
fet;10
fnk;2
two;17
timo;5
moi;5
fɾjos;1
antaɾ;2
ɾana;2
appk;5
ɡlaɾ;5
kɾime;6
wso;2
belɡ;2
pɾa;7
lwiɾ;11
ɲal;13
letin;3
loko;11
lat;1
tɾon;2
ɡɾit;1
t͡ʃekk;2
tit;8
daʝ;1
bals;1
aw;2
katt;1
wil;13
kinɡ;3
daw;2
saʝ;1
bakk;2
ɡli;1
ʝʝ;2
woɾs;1
ʃaw;1
foɾt;4
ɡɾee;4
ninɡ;5
mkkaɾt;1
domin;1
dɾop;1
wis;4
kluio;1
ɾuɡ;2
ee;6
kibo;1
sobɾo;1
milan;8
saɡ;17
tuɾin;2
ʃow;1
siklon;1
lanes;2
monst;8
impe;2
kɾoni;4
ɾines;2
spoɾt;1
kao;1
stam;1
ɡaso;2
pass;1
mus;12
tob;2
n;12
fad;1
tast;1
ɾaton;4
nol;1
kɾes;4
weɾ;5
nk;3
ɾeb;11
dakto;1
dm;1
sip;1
kanoɡ;1
dolf;1
st͡ʃaɾ;2
pinɡ;2
ax;3
blin;2
st͡ʃaɾpinɡ;1
moɾti;2
leeds;3
sank;3
iʝɡ;1
oɡn;1
teɡɾo;1
mkma;1
saldɾan;3
peɾes;23
konl;2
spuɾs;5
keɾs;4
kinɡs;2
dun;1
els;1
sita;2
ɡɾeɡɡ;1
bit͡ʃ;1
suns;2
niks;2
fɾust;4
koloxi;1
mbx;1
paɾo;4
koln;1
laɾt;1
ʝspa;3
tb;4
paɾk;7
tema;8
pekta;5
sant;2
xust;1
beɾn;1
kip;1
skan;1
sjo;1
xaiɾ;1
ɾami;4
koɾtes;2
miʝan;1
tisa;2
nesto;2
kampin;1
ɡota;1
deʝin;2
sako;6
snet;5
kdf;6
nepla;2
andɾe;2
sain;5
bɾes;9
deɡ;8
blek;2
lil;8
pat͡ʃon;2
ɾoɲes;2
t͡ʃan;5
loi;5
xob;1
spoɾ;2
ɾuben;1
delx;1
bʃ;1
elk;2
duɾe;1
pɾje;1
uɡ;3
miɾan;2
non;2
baʝ;4
kaɾl;3
fɾee;8
ost;1
kat;7
xin;10
njuɾ;1
dɾet͡ʃs;1
peɾdon;4
ksit;1
inkoɡ;1
dono;5
kumpl;1
peɡ;1
ipf;3
kɾisto;1
xiɾa;1
ɡɾaf;11
oxa;1
t͡ʃen;3
ʃwi;2
taiwan;6
pus;5
daɾd;1
tanɡ;2
pdp;1
blaɾ;2
ʃanɡ;1
kanton;1
alek;2
pei;10
fei;5
ukd;3
ʝoɾ;2
kadis;4
aɾmo;1
foʝon;2
nawi;3
neks;4
skott;1
dissi;1
skud;2
stef;1
banto;4
ɾoso;2
lisan;1
ʝk;1
kude;1
samp;2
ɾuff;1
xii;1
fɾaxil;3
lind;1
kouɾ;1
st͡ʃni;1
bend;4
desi;4
ipk;1
kompli;3
taʝo;1
leio;4
plasti;8
dɾib;1
lox;15
tobus;3
toɾno;1
likop;2
sef;1
peu;1
nilton;1
daɲo;1
spa;7
naiɾ;7
ɡon;7
luft;1
kodi;7
tein;7
slots;2
ɾitme;1
seen;5
sans;5
t͡ʃil;5
bɾal;13
od;6
pelo;1
ʝamen;1
eksplisi;2
ason;1
seɾkan;2
ast;7
nolds;6
kiɾuɾ;3
pik;1
monti;2
ponk;1
tɾami;9
flot;1
iba;2
ɲes;1
siuɾ;1
baton;3
pabon;6
nuɲes;5
ein;1
kois;1
klem;1
bowl;2
tadon;2
nwo;8
ɾenk;1
ɾeemp;1
kade;1
xne;5
pito;2
ɾomu;1
ɡalban;2
sebs;1
ɡaitan;4
tei;4
ɾaxe;1
pspb;1
sap;3
ɾolo;1
pn;3
ɾje;4
banis;3
ʝdɾ;1
peɾo;12
kmb;5
ɾila;4
ɾost;11
pomu;1
falto;3
exo;1
ʃiɾ;1
mitt͡ʃ;1
peɾn;1
puxon;3
ut;2
ɡank;4
xoɾo;1
nekto;1
kdk;8
tiʝo;3
puɡ;6
udk;1
niko;2
sente;1
daɾe;1
nap;1
beɾxen;1
pɾoɡɾes;1
tuio;2
maiɾ;4
multa;1
debo;1
sop;4
senn;1
ope;1
faɾk;1
ɡwan;1
ɾontan;1
inteɾp;1
sabɾ;1
mkkaf;1
fɾei;1
klo;12
mat͡ʃ;2
lent;1
ɡipus;2
bilt;5
essep;1
ʝamo;6
fmi;3
bm;2
pnud;1
niɾa;1
ɾaxas;1
welteɾ;7
feliks;1
peɾwel;2
ɾeid;2
fib;2
ɾeʝ;1
aut;1
soloɾ;4
bob;2
nak;2
deb;14
aib;1
ʝɡ;3
xins;3
bib;26
ɾalto;1
flei;2
wim;1
ɾixss;1
ɾixs;1
pato;4
alo;2
ɾeɾs;2
daks;1
ɾows;1
kim;3
montt;2
pese;1
t͡ʃet;2
mkkain;11
ksul;1
pase;2
news;1
bliʃ;1
ɾoo;2
belt;1
nald;1
ɾoss;3
ɾot;1
t͡ʃin;1
ssien;1
anso;1
sato;1
efi;1
moo;1
lak;13
konto;2
pamp;3
eo;5
seu;1
upn;1
mw;1
meɾo;1
stɾwiɾ;3
aɾs;1
maɾt;1
oik;1
subi;3
lint͡ʃ;1
xinɡ;1
fuɾst;1
ɾust;1
donkk;2
ɡoi;2
ksiks;2
ɾakan;2
soɲa;1
oɾto;1
inu;4
koktel;1
kaxo;1
puxo;1
sais;5
aɡo;2
kod;1
wme;3
beis;3
sesped;7
mona;1
dels;3
st͡ʃil;1
eim;3
tʝeɾ;1
dur;2
boiɾ;1
fai;1
sulfu;2
ɾoxo;4
lit;6
tɾau;2
esti;6
lato;1
lumbɾo;1
ɡana;1
fasi;1
loɡs;2
tɾansxe;4
batt;2
kɾeek;1
staɾt;1
link;5
t͡ʃips;1
xeneti;1
staɾ;2
aleɾ;1
linɡ;2
tiɾo;6
wit͡ʃt;1
xab;1
xla;1
ɾml;1
eɾa;3
ɾeso;8
ɾant͡ʃ;3
ɾend;3
xei;1
bub;1
einɡ;1
ptx;3
tato;3
ljen;6
ksbii;5
unani;1
nif;4
ksen;4
meli;3
sindɾo;3
musku;5
bebes;6
sason;2
psdeɡ;4
tou;4
ksun;4
ɾalim;9
tɾen;3
west;3
fantas;3
kpi;1
ɾaple;5
kontɾe;1
maxi;6
bɾent;1
wiʝ;2
steel;1
ɡɾiɡs;1
kisto;3
djep;1
ɾjum;2
sau;2
sudaf;6
eid;1
kna;3
nusba;2
sben;1
lunsk;2
oud;2
wo;5
sadk;1
ɾdk;3
ljon;1
ou;4
taʝon;2
ɾjess;2
oɾf;1
kald;2
kles;1
ksel;1
spɾin;2
bwiɾa;1
meka;7
maast;1
ɾit͡ʃt;1
bout;1
mond;2
ksks;6
abɾan;1
lust;7
kisa;25
matt;1
ews;4
onɾo;1
bud;2
touɾ;2
faus;2
udan;1
also;1
nundo;2
baɾse;1
kauso;2
bobs;1
tɾaxi;7
mwi;1
saul;1
mjon;2
telon;1
laɾan;3
lado;2
labɾa;1
teaɾ;1
eɾt;1
saint;1
uto;1
patɾon;1
naɾko;1
psi;9
kotɾo;1
nep;1
isla;2
eɾan;3
ɾani;1
pɾaɡma;1
tami;2
med;2
kleɾi;1
sulman;1
t͡ʃii;1
mames;2
kito;1
leto;1
st͡ʃuɾ;1
wais;2
ksksb;1
ɾast;9
util;4
ines;1
t͡ʃampan;1
nekst;4
bɾonɡ;1
aɾt;3
kak;3
bse;2
steinb;6
baɾɡp;1
naʝ;5
peo;1
xends;1
fjeld;1
monds;1
kolon;3
bjan;1
kuspi;1
ɾisma;1
nais;2
font;2
disto;1
atɾis;1
tet;9
belod;1
psiki;1
kɾem;2
lest;1
uɾss;1
seɾko;2
flwi;1
mot;4
t͡ʃauk;3
plaɾa;1
il;3
kaf;2
bam;3
ofo;2
ɾeks;4
pɾonos;2
seɾja;1
kupu;1
lebo;6
daɾt;1
sunt;3
beld;7
muxi;1
t͡ʃu;5
pui;2
sibi;3
lop;1
ɡin;2
balsa;2
ʝob;5
t͡ʃir;1
iden;4
ful;19
moun;2
tain;2
btt;1
blat;5
bɾok;2
faiɾ;1
eld;1
faɾm;1
fau;3
autok;2
emus;1
kɾuso;2
lokan;1
spe;1
xeɾt;1
teu;1
ɾeiɾ;2
ɾit;12
kiɾ;3
ɡab;2
teɾs;3
tɾaso;2
km;3
kubi;1
wi;20
ima;3
ponti;1
fendi;1
liss;2
kwas;3
piso;2
kɾsak;2
lews;2
wox;1
melo;1
tbe;4
sto;1
etb;1
pljo;2
ɡmb;1
wtk;2
ɾinɡ;2
nekt;1
ɾʝ;1
bini;1
ɾwok;2
bat͡ɬ;1
inba;2
ɾpp;1
stein;3
lito;1
ksiɡ;4
plin;1
pons;2
abi;5
lal;2
wm;1
eln;1
boli;1
ondo;1
beɾsa;1
dbd;1
jen;2
domes;6
t͡ʃip;1
nuio;2
tomati;1
mono;4
seɾbo;4
fmln;1
debi;2
debil;6
nmd;2
sentɾi;1
fp;2
kantan;1
plaso;1
pikon;1
kaɾni;4
pofɾ;7
kaʃ;1
flow;1
meta;22
baʝbe;2
om;5
xamon;1
faɾma;2
sinto;4
oit;3
teɾa;1
aunɡ;1
suu;1
xusɡo;1
fixo;1
toni;4
mnɾ;4
soik;4
tois;2
tat͡ʃo;1
nipon;1
mei;8
baɾs;1
efs;1
ebs;1
ɡɾaba;1
inm;1
lisman;1
xunɡ;1
duɾ;8
kes;3
sist;7
esto;2
tɾam;3
paɾon;1
labe;1
tendi;2
kompas;1
mut͡ʃi;3
aɾde;1
sein;1
kopp;1
ktu;4
estɾo;1
ftu;2
ɡoff;1
simon;1
kneset;1
moʃe;1
weis;3
pɾesk;1
fjel;2
kud;1
faɾdi;2
ʃas;2
nasi;1
kɾjo;1
fɾai;6
sini;2
tumb;8
klaɾi;1
fil;4
ɾidi;8
ʝeɾa;1
dɾes;2
oɡɾafi;2
neɾon;1
t͡ʃis;11
tok;1
leksi;1
abst;1
dɾu;2
ɾali;3
boɡan;2
ɡaɲan;1
soɾdi;2
lasto;1
ljeb;2
komi;3
leeɾ;5
pene;1
won;1
tains;1
sons;1
xent;1
xeɾman;10
linɡwis;5
bili;1
pɾolo;4
etse;4
leeɾa;1
ɾink;1
eran;1
filo;3
ep;2
mwo;1
bɾup;1
kili;1
meson;1
paes;1
dolo;1
ɲab;1
taiɡ;1
xal;4
esos;3
loe;1
opti;3
law;1
paɾpa;4
minus;1
sum;2
akus;1
belas;1
tapon;2
memb;3
ʝnt͡ʃan;1
eskɾu;3
peli;12
fel;1
estɾe;3
taɾde;1
ɾesa;1
faks;1
walk;1
ɡla;4
dwos;5
festin;1
septan;1
ɡlan;1
kontɾaɾ;1
ɾekon;1
feitaɾ;1
ɡoton;2
djos;4
epi;1
kaɾton;3
ɾapo;3
fwi;4
eksk;1
muɡ;1
bansa;1
dumb;5
ɾinkon;6
teson;1
fana;2
njen;2
bɾiɾ;4
innsb;1
ɾukk;1
andɾo;1
t͡ʃas;1
xaxa;1
kup;1
kuri;1
liʃ;1
ɾiʃ;1
flwiɾ;1
wʝs;1
bast;1
t;2
koɾt;4
skoɾ;2
lakk;2
xiɾl;1
anɡlo;1
topo;2
apɾès;1
ski;1
saxon;1
kaspi;1
monda;1
bok;2
xet;2
onk;1
beli;2
fɾun;1
mastil;1
sant͡ʃan;1
dixe;1
emo;2
ɾou;2
ɾebes;2
esa;3
flek;1
abil;1
kled;4
mismi;4
latin;3
kɾoss;1
klaɾ;6
boton;3
saɾkas;1
ljeɾ;1
ɡɾje;3
aɾtis;4
peɲo;1
seudo;1
kain;1
tɾink;2
ine;2
toman;1
ɾankan;1
ɾat;1
wiɾ;3
ɾanko;1
estu;2
ɾistok;1
ɲak;1
kolɡo;3
ento;1
bju;8
ɾamo;1
iɾo;2
pinto;1
feɾi;1
opte;1
anxe;3
dedi;1
pali;3
pedi;2
olo;23
tente;1
seɾe;1
pjan;1
doɾmi;1
kaska;1
plasi;2
ante;1
peɾte;1
ɡe;1
baxe;1
ɾesi;1
ɡwaɾ;1
onɡs;1
spjel;3
sili;1
apos;2
ʝeban;1
turon;1
pɾoxi;1
politi;3
liɡod;1
dulson;1
amen;3
boɾbon;1
polbo;2
ɡwnte;1
esas;1
foɾman;1
pam;1
ɾaxa;1
kaɾi;1
kaɾne;1
banɡ;2
ɡɾil;2
pank;1
bɾuxu;1
maun;1
ɡlandu;1
lamb;1
tipa;1
seda;1
but;11
bɾab;1
nop;1
ɾuxon;1
ɾeit͡ʃ;1
dɾama;5
ʝbɾi;1
nja;3
etni;3
loti;1
sandei;1
xou;1
podɾe;1
boɾt͡ʃ;2
anxel;1
dit͡ʃa;1
ɡɾandi;1
baʝe;2
ɲee;2
liɾi;3
fixen;1
niɡ;4
üei;1
njusp;1
memo;1
ça;12
t͡ʃale;1
aul;1
peʝon;1
sest;1
ɾui;3
punk;1
kani;1
banda;1
eka;1
era;1
ɾeɡas;8
ɡauk;1
ets;3
fundo;2
mou;3
boʝ;1
bjed;1
dit;4
blooms;1
buska;1
klift;1
njendo;1
libɾan;1
ɾad;1
ɡalan;2
dosil;1
kɾow;1
belti;1
bento;1
buskan;1
diɡma;1
uso;1
kat͡ɬon;1
ɾiɲon;1
lobɾe;1
saɾten;1
ɾikon;1
desden;1
mato;1
sefa;1
neɾɡw;4
paxa;5
nod;3
xuɾa;3
fjo;2
fuɾ;2
p;2
ɡadi;1
slo;1
tui;2
aɾbol;1
doɡ;2
mason;1
temb;4
ant;16
nad;1
oɾde;3
ɾiff;2
plei;3
kobɾo;1
ɾefɾan;2
fɾes;2
oloxi;3
motin;1
nost;1
nui;1
iɾa;1
tɾjes;1
boɡ;1
att;1
nba;9
ɾankinɡ;1
litt;1
ɾokk;2
fere;1
tomp;2
town;1
ladi;1
nkaa;3
todd;1
ott;1
dokk;1
tɾjo;2
muto;2
sweet;1
noɾt;4
skot;1
twɾ;1
baɾkk;1
dwiɡt;1
waɾt;1
bekk;1
neʝ;1
sout;1
teɾn;1
kules;3
ende;1
t͡ʃenk;1
kule;1
dexan;4
adi;1
nesk;1
demode;1
offs;1
klif;2
luik;4
antu;1
ket;5
ɾju;1
fɾed;1
beɾts;2
libe;1
koʝ;1
sur;1
tenti;1
fouɾ;1
ann;1
lustɾo;1
koɾd;1
ksal;4
sews;1
ɡɾant;1
paɾks;1
ʝp;4
ett;2
wio;2
pasmo;1
pelps;1
santi;1
ʃef;1
pibots;1
luɡwb;2
dxu;1
kik;1
fwis;1
beɾas;2
oiɾ;2
ɡiɾas;1
abɾas;1
bolisti;1
lako;1
toko;2
lam;7
tili;1
tɾaslu;1
mit͡ʃel;2
ɡois;1
bolb;8
nali;1
teuɾ;2
ɾain;7
loton;2
klas;3
kalis;2
botin;2
lomet;1
süʝe;7
ɾaɲan;1
bukon;1
tot;3
xean;1
lebin;1
osi;1
ombɾ;1
lisi;1
melk;2
kapo;3
mand;1
sinfin;2
poian;1
tums;1
ɾafa;2
ɾwino;1
batan;1
poxan;1
ladɾon;1
diɡni;1
kɾuiff;1
ilo;1
sembɾo;1
mnɡw;1
teʝb;1
lant͡ʃ;1
dando;3
niɡma;1
stoit͡ʃ;1
fotoɡ;1
bolko;2
laɾd;1
plen;3
tero;1
fɾaxi;2
oio;1
sesa;1
ɡwntan;1
selu;11
mbi;4
mbiti;1
ʝps;2
ɾist;1
bits;1
kuti;1
lanɡ;1
uu;1
pseu;1
lad;5
sinn;1
eɾb;1
lami;2
kad;2
soɾb;1
aɡnos;4
ato;10
liɡ;2
iso;2
ɾap;4
maɡne;1
xeɾme;1
mole;49
tabo;1
soma;2
dwo;7
kanse;1
pulmon;1
aplas;1
leu;2
ɡona;1
ʝdɾo;2
loxia;7
mami;4
teb;1
seb;3
xaɾdin;4
mosfe;2
aspe;2
siʝi;1
plas;1
oksi;2
kalka;1
indo;1
pɾot;1
kɾipti;1
kɾoma;1
manja;1
kumu;1
piɡ;1
duktil;1
mili;2
maɡo;1
kosmi;2
ɾono;1
flui;1
konfin;1
bobe;1
sota;1
kens;1
fɾut;2
mant;1
nadi;1
fiʃ;1
bison;1
dɾi;8
titi;3
kɾjas;1
feɾtil;1
aɾbo;4
kɾja;1
tastɾo;1
klwiɾ;1
kaɲon;10
eɲi;1
niɾan;1
balkon;2
pjon;1
biɾi;1
noiɾ;2
laus;1
ɡwst;1
maki;9
deut͡s;1
ɡott;2
daim;9
elm;2
bat͡ʃ;3
embo;3
klen;1
fɾjed;1
elin;1
ʝpi;1
boɾn;1
bolks;1
ew;1
ɾalp;1
oɾbi;2
peɾp;1
nukl;2
impli;2
pesifi;1
plankk;1
ɡot;1
foɾsan;1
afɾi;1
mofi;1
baɾon;3
kond;2
ɾwin;1
puʃ;1
ɾaɲon;1
wel;1
pitt;1
ektoɾ;1
tasi;1
letɾan;1
ɡoso;1
seeɾ;1
foko;1
mab;2
xens;4
mulo;3
bap;1
kuɡ;1
watt;2
ʝkk;1
bwiɾja;1
puk;1
kleɾ;1
omni;1
bɾown;1
bola;1
nett;1
xoin;1
ɾexon;1
beɾi;1
xie;1
put;2
ome;1
ɾosko;2
weʝs;1
koɾteks;3
sut;9
wɡ;1
knapp;1
intɾe;1
lumi;3
inmo;2
pleɾ;1
ɾitmi;1
ɾelam;1
eins;4
pound;1
ɡlen;1
baɾd;3
lone;1
bwib;1
test;1
ʃift;1
ɾofi;1
skout;1
maseɾ;1
metɾ;2
balis;2
ɡɾwi;1
alb;1
tuli;2
ɡast;1
kɾeio;2
fus;3
ɾoɾi;1
salt;1
tolo;1
ɾwiɾan;1
saak;2
pate;1
ɾixi;2
kett;1
weʝ;1
otɾo;1
ɾatexi;1
kɾane;1
poɾsk;1
lektɾoni;1
dɾos;2
polo;4
intɾin;3
dɾasti;1
lime;9
bea;4
fiɾi;1
lektɾon;2
ekstɾin;1
tknk;13
ttf;11
tnkk;2
anɡst;3
ɾoms;3
auf;1
fiɡ;10
ktk;7
pomme;1
knk;1
itf;1
kano;2
ɾoma;6
doks;2
tmttf;1
dbttf;1
ɾoa;1
nosik;1
lomb;1
dif;1
toɡ;1
waals;1
noɾɡa;1
kimi;3
tɾik;1
tmtsf;1
ksido;1
atmtsf;1
koulom;1
ɾosik;5
tnk;1
kn;1
ʃi;2
ʝeɡan;1
sjeɡ;1
nat;1
mm;1
ps;1
spin;1
st͡ʃɾjef;1
naaɾ;2
basf;1
wiɡs;1
ɡɾubbs;1
look;1
mkdi;1
mid;1
ɾajon;1
bɾid;1
isf;1
etk;2
ɾoʝan;1
ksik;1
fta;5
kɾ;2
ɾosikli;2
t͡ʃit͡ʃ;1
st͡ʃast͡ʃ;1
nakk;1
ɾ;1
mn;1
tae;1
mons;1
ɾife;1
disko;2
films;1
loɡɾa;1
dinami;1
mott;1
wb;1
ɾeti;3
eɾls;2
bɾus;2
sotɾo;1
ssnm;45
mjas;1
tie;1
lanko;3
aste;1
enfa;2
sssiu;2
sono;3
ʝpos;1
sspais;1
sslu;2
ssoɾ;1
stɾo;2
supli;2
ɲalan;1
ssnf;2
eksta;1
moɾis;1
ssadxnm;3
ssto;6
sati;2
ladin;1
funeb;2
sst;1
ɾafja;1
oni;1
sadi;1
sspit;1
ʝpok;2
sskan;1
sspldos;1
djeɾ;1
onan;1
bɾebisi;1
ksbi;1
senk;2
maɾks;1
xeɾma;1
ɾopo;3
diso;1
ows;2
enti;1
mass;1
seman;1
stɾauss;1
tafi;2
kant;12
sitt;1
lit͡ʃ;1
keit;1
set͡s;1
bunɡ;1
ɡɾund;1
ɡwnɡ;1
mum;1
letaɾ;1
noume;1
leib;1
sifɾo;1
empi;4
koɾpo;2
nit͡ʃt;1
deɾs;1
lsb;1
mekani;1
st͡ʃo;1
euɾ;1
ɡanɡ;1
toin;2
timpa;1
ws;1
seɾl;1
tels;1
wes;1
mxa;1
plos;2
towns;2
baii;1
talo;1
mnɡa;2
ɾibo;1
tja;2
kupon;1
ɲu;1
off;1
doɾt;2
maɾt͡ʃo;3
leip;4
alt;1
ɾda;2
nit;1
spiɾk;1
fuɾt;4
wüɾsbuɾ;1
mudo;2
pɾesto;1
oɾɡ;1
aust͡ʃ;5
wit͡s;5
t͡ʃanda;1
liɾan;1
st͡ʃind;1
woo;1
t͡ʃandal;1
seki;1
stɾom;1
talon;1
karon;1
kɾs;2
beb;1
floɾ;5
end;1
fom;1
ɾeten;1
sonɾ;1
at͡ʃis;7
leɾs;1
pɾosk;1
bɾonks;4
kɾek;1
planto;1
dɾil;1
pontane;1
fokon;1
t͡ʃuk;1
tanta;2
miɡɾo;1
buʝ;1
seɾs;1
belan;1
kitt͡ʃ;1
posteɾs;1
t͡ʃakon;1
bɾos;1
kɾok;1
ɡle;1
boliɡ;1
eɾe;1
anis;1
ɡwis;1
bais;1
ponlo;1
onas;3
ɡad;1
sabɾa;1
ɾumbo;1
ɡno;1
nise;1
kɾea;1
deustk;1
nest͡ʃ;1
kott;2
polt;1
knt;1
bebi;1
ik;1
senç;1
laɾes;2
xaen;1
noe;1
lones;1
tɾin;2
ɾoldan;4
dekɾe;1
simpa;1
idi;1
ɾaɾas;1
koɾp;1
ɾetisi;1
koɡ;1
eska;1
musa;1
baʝs;1
xul;1
suɲeɾ;1
mans;1
saldo;1
bbb;1
dɾen;1
tut;1
sino;1
ɾeinɡ;1
deɾuɾ;1
liɾe;1
naɾe;1
ɾuɾ;1
note;1
penso;3
ali;1
fati;2
et͡ʃan;1
xemo;1
laɾdon;1
inso;2
ea;1
mam;1
plank;4
inkɾe;1
albu;1
maska;1
twe;1
ɾepli;1
xabon;1
bidan;1
teleɡ;1
tjun;1
boro;1
ɡɾis;4
takon;1
inn;2
spain;3
bota;1
ʝndu;11
tekto;1
stoʝ;1
wʝ;1
umbɾ;1
lenti;1
buf;2
xines;6
kɾusan;1
num;6
maɡni;1
bosfo;4
seɾb;1
ɾandas;1
milo;1
baiben;1
t͡ʃofeɾ;1
point;1
ɡiɲo;1
filt;1
baɲo;1
m;1
epa;1
paɾko;1
ɲil;1
busko;1
taɾdo;1
kompɾe;1
kɾepus;4
klaɾin;1
desiɾ;1
oma;1
sipɾes;2
inklan;3
buos;3
bots;1
djuɾ;2
touk;1
eɾon;1
imbe;1
ɾofon;1
tafisi;1
pensan;1
dɾan;1
klimaks;1
poia;1
meɾan;1
eteɾ;1
blu;1
blason;1
tote;1
fjan;1
pɾosti;1
main;1
neɡan;2
beɾse;1
maius;1
kit;1
bsss;1
ɲen;1
uks;1
ɡien;1
baston;1
alsan;1
ɡɾito;1
buo;1
er;2
tols;1
tokɾa;1
delisi;1
toɾto;1
ɾuʝan;1
aman;1
timb;1
mpɡ;4
aʝo;1
sultan;1
pediɾ;1
lampa;1
monton;1
kaxon;4
fɾas;3
ɾesian;1
peɾd;1
tablo;1
ɾeɡlo;1
fumo;1
lonk;1
poɾton;1
sjes;2
doɾm;2
piɾo;3
fɾo;2
fɾjen;1
seit;1
ɾonk;1
moskon;2
sekan;1
koɾto;1
safɾan;1
sumbo;1
betun;1
fixa;1
paɾto;2
sobo;1
kɾux;1
t͡ʃupo;1
kuɾo;1
kor;2
ɾoloxi;1
sjemb;1
pudi;1
adan;1
miɾo;2
susto;1
dito;1
ɾeɡno;1
ɾosa;1
laɾɡo;1
teɾnon;1
buɾlon;1
xaɾe;3
muɾo;1
seran;1
insoli;1
templo;1
sonam;1
ploman;1
pɾodi;1
limetɾi;1
sixan;1
kultan;1
ɡɾasil;1
t͡ʃink;1
mexan;1
tenta;1
pɾend;1
siʝon;1
